URL,Last crawled
https://bright-gift.com/blog/${e.slug}/,2025-10-10
https://bright-gift.com/blog/${e.slug},2025-10-08
https://bright-gift.com/blog/$/{post.slug/}/,2025-10-02
https://bright-gift.com/ai-gift-guide,2025-09-19
https://bright-gift.com/category/data-driven/,2025-09-08
https://bright-gift.com/top-gifts,2025-08-12
https://bright-gift.com/blog/gifts-for-artists,2025-07-27
https://bright-gift.com/blog/unique-birthday-gifts-for-teens-break-the-mold,2025-07-23
https://bright-gift.com/blog/best-books-for-different-reading-levels.md,2025-07-19
https://bright-gift.com/blog/eco-friendly-gifts,2025-07-19
https://bright-gift.com/blog/25-books-to-gift-this-holiday-season.md,2025-07-19
https://bright-gift.com/blog/best-gifts-for-dads-who-love-outdoor-adventures.md,2025-07-19
https://bright-gift.com/blog/unique-christmas-gifts-for-gamers-who-have-everything-2024.md,2025-07-19
https://bright-gift.com/blog/unique-gifts-for-board-game-enthusiasts.md,2025-07-19
https://bright-gift.com/blog/fun-gifts-for-kids-birthday-parties.md,2025-07-19
https://bright-gift.com/blog/last-minute-birthday-gifts-for-busy-professionals.md,2025-07-19
https://bright-gift.com/blog/gifts-for-book-lovers-under-50.md,2025-07-19
https://bright-gift.com/blog/special-birthday-gifts-for-lgbtq-youth.md,2025-07-19
https://bright-gift.com/blog/affordable-gifts-for-pet-lovers-under-30.md,2025-07-17
https://bright-gift.com/blog/how-ai-is-revolutionizing-gift-shopping-complete-guide.md,2025-07-17
https://bright-gift.com/blog/gifts-for-gamers-under-50.md,2025-07-17
https://bright-gift.com/blog/20-ethical-gift-ideas-for-eco-conscious-loved-ones-under-75.md,2025-07-17
https://bright-gift.com/blog/25-thoughtful-housewarming-gifts-for-new-homeowners-under-75.md,2025-07-17
https://bright-gift.com/blog/chic-wedding-gifts-for-the-stylish-couple.md,2025-07-17
https://bright-gift.com/blog/gifts-for-new-homeowners-2025.md,2025-07-17
https://bright-gift.com/blog/30-unique-gift-ideas-for-new-parents-baby-shower-beyond.md,2025-07-17
https://bright-gift.com/blog/gifts-for-remote-workers-under-50.md,2025-07-17
https://bright-gift.com/blog/gifts-for-dungeons-dragons-enthusiasts-level-up-their-experience.md,2025-07-17
https://bright-gift.com/blog/best-home-gifts-on-amazon-2024.md,2025-07-17
https://bright-gift.com/blog/gifts-for-girlfriend-unique-romantic-ideas.md,2025-07-17
https://bright-gift.com/blog/gifts-under-25-for-coworkers.md,2025-07-17
https://bright-gift.com/blog/gifts-for-plant-lovers.md,2025-07-17
https://bright-gift.com/about,2025-07-17
https://bright-gift.com/blog/eco-friendly-gift-ideas-for-every-budget.md,2025-07-17
https://bright-gift.com/blog/unique-graduation-gifts-creative-minds.md,2025-07-17
https://bright-gift.com/blog/25-unique-anniversary-gift-ideas-under-50.md,2025-07-17
https://bright-gift.com/gift-guides/gifts-for-plant-lovers,2025-07-14
https://bright-gift.com/gift-guides/gifts-for-gamers-under-50/,2025-07-11
https://bright-gift.com/gift-guides/gifts-under-25-for-coworkers/,2025-07-11
https://bright-gift.com/blog/sample-post,2025-07-03
https://bright-gift.com/blog/handmade-gifts,2025-07-03
https://bright-gift.com/gift-guides/gifts-for-plant-lovers/,2025-06-30