{
  "name": "bright-gift",
  "domain": "bright-gift.com",
  "contentDir": "src/content/blog",
  "imagesDir": "public/images/blog",
  "socialPostsDir": "_workflow-documents/social-posts",
  "styleGuide": "reference/_workflow-documents/planning/04.2_blog_style_guide.md",
  "seoGuide": "reference/_workflow-documents/planning/04.3_SEO_Guide.md",
  "affiliatePrograms": {
    "amazon": {
      "enabled": true,
      "tag": "brightgift-20"
    },
    "bookshop": {
      "enabled": true,
      "tag": "brightgift"
    },
    "afrofiliate": {
      "enabled": true,
      "brands": [
        {
          "name": "Be Yourself",
          "url": "https://beyourself.com",
          "category": "clothing"
        },
        {
          "name": "Caribe",
          "url": "https://caribe.com",
          "category": "sports"
        }
      ]
    }
  },
  "socialPlatforms": {
    "twitter": {
      "enabled": true,
      "apiKey": "",
      "apiSecret": ""
    },
    "instagram": {
      "enabled": true,
      "accessToken": ""
    },
    "pinterest": {
      "enabled": true,
      "accessToken": ""
    },
    "facebook": {
      "enabled": true,
      "accessToken": ""
    },
    "bluesky": {
      "enabled": true,
      "identifier": "",
      "password": ""
    }
  },
  "imageGeneration": {
    "model": "gpt-image-1",
    "style": "brightgift",
    "dimensions": {
      "banner": "1200x630",
      "social": "1200x1200",
      "og": "1200x630"
    }
  }
}